# ************************************************************
# Sequel Pro SQL dump
# Version 4541
#
# http://www.sequelpro.com/
# https://github.com/sequelpro/sequelpro
#
# Host: 127.0.0.1 (MySQL 5.6.21)
# Database: tripresso
# Generation Time: 2020-07-05 15:46:45 +0000
# ************************************************************


/*!40101 SET @OLD_CHARACTER_SET_CLIENT=@@CHARACTER_SET_CLIENT */;
/*!40101 SET @OLD_CHARACTER_SET_RESULTS=@@CHARACTER_SET_RESULTS */;
/*!40101 SET @OLD_COLLATION_CONNECTION=@@COLLATION_CONNECTION */;
/*!40101 SET NAMES utf8 */;
/*!40014 SET @OLD_FOREIGN_KEY_CHECKS=@@FOREIGN_KEY_CHECKS, FOREIGN_KEY_CHECKS=0 */;
/*!40101 SET @OLD_SQL_MODE=@@SQL_MODE, SQL_MODE='NO_AUTO_VALUE_ON_ZERO' */;
/*!40111 SET @OLD_SQL_NOTES=@@SQL_NOTES, SQL_NOTES=0 */;


# Dump of table date_seat
# ------------------------------------------------------------

DROP TABLE IF EXISTS `date_seat`;

CREATE TABLE `date_seat` (
  `p_Id` varchar(20) NOT NULL,
  `p_date` varchar(20) DEFAULT NULL,
  `p_seat` varchar(20) DEFAULT NULL,
  `p_available` varchar(20) DEFAULT NULL,
  `flight_go` varchar(20) DEFAULT NULL,
  `flight_back` varchar(20) DEFAULT NULL,
  KEY `p_Id` (`p_Id`),
  KEY `flight_go` (`flight_go`),
  KEY `flight_back` (`flight_back`),
  CONSTRAINT `date_seat_ibfk_1` FOREIGN KEY (`p_Id`) REFERENCES `product` (`Id`),
  CONSTRAINT `date_seat_ibfk_2` FOREIGN KEY (`flight_go`) REFERENCES `flight` (`Id`),
  CONSTRAINT `date_seat_ibfk_3` FOREIGN KEY (`flight_back`) REFERENCES `flight` (`Id`)
) ENGINE=InnoDB DEFAULT CHARSET=utf8;

LOCK TABLES `date_seat` WRITE;
/*!40000 ALTER TABLE `date_seat` DISABLE KEYS */;

INSERT INTO `date_seat` (`p_Id`, `p_date`, `p_seat`, `p_available`, `flight_go`, `flight_back`)
VALUES
	('TWN0220D','2020/07/05','6','0',NULL,NULL),
	('TWN0220B','2020/07/05','20','0',NULL,NULL),
	('TWN0220A','2020/07/05','6','0',NULL,NULL),
	('MZG0420E','2020/07/05','20','20','AE3790705TSA','AE3640708馬公市'),
	('TWN0320A','2020/07/05','6','0',NULL,NULL),
	('TWN0320B','2020/07/05','6','0',NULL,NULL),
	('MFK0320D','2020/07/05','20','20','B787850705TSA','B787660707LZN'),
	('DAD0520A','2020/07/05','18','0','JX7010705台北市','JX7020709峴港'),
	('TWN0220G','2020/07/06','6','0',NULL,NULL),
	('MZG0420E','2020/07/06','20','6','AE3790706TSA','AE3640709馬公市'),
	('MZG0420F','2020/07/06','20','0','AE3790706TSA','AE3640709馬公市'),
	('MFK0420F','2020/07/06','20','20','B787890706TSA','B787520709LZN'),
	('MFK0320D','2020/07/06','32','32','B787850706TSA','B787660708LZN'),
	('HAN0520A','2020/07/06','16','0','BR3970706台北市','BR3980710河內'),
	('HAN0520B','2020/07/06','16','0','BR3970706台北市','BR3980710河內'),
	('KNH0320G','2020/07/07','20','20','B791950707TSA','B791920709金門縣'),
	('TWN0220A','2020/07/07','6','0',NULL,NULL),
	('TWN0220C','2020/07/07','6','0',NULL,NULL),
	('MZG0420E','2020/07/07','20','20','AE3790707TSA','AE3640710馬公市'),
	('MFK0420F','2020/07/07','20','20','B787890707TSA','B787520710LZN'),
	('MFK0320D','2020/07/07','32','32','B787850707TSA','B787660709LZN'),
	('DAD0520A','2020/07/07','18','0','JX7010707台北市','JX7020711峴港'),
	('ALA0920A','2020/07/07','20','0','OZ7120707台北市','OZ5770707ICN'),
	('TWN0220G','2020/07/08','6','0',NULL,NULL),
	('TWN0220B','2020/07/08','20','0',NULL,NULL),
	('TWN0320K','2020/07/08','20','0',NULL,NULL),
	('MZG0420E','2020/07/08','20','20','AE3790708TSA','AE3640711馬公市'),
	('KNH0320F','2020/07/08','20','0','B788070708TSA','B788260710金門縣'),
	('KNH0320E','2020/07/08','20','0','B788070708TSA','B788260710金門縣'),
	('TWN0320C','2020/07/08','20','0',NULL,NULL),
	('TWN0320G','2020/07/08','20','0',NULL,NULL),
	('KNH0320D','2020/07/08','20','20','B788070708TSA','B788260710金門縣'),
	('TWN0320B','2020/07/08','20','0',NULL,NULL),
	('TWN0320F','2020/07/08','20','0',NULL,NULL),
	('TWN0320E','2020/07/08','20','0',NULL,NULL),
	('MZG0320D','2020/07/08','20','0','B791050708TSA','B786220710馬公市'),
	('MFK0420F','2020/07/08','20','20','B787890708TSA','B787520711LZN'),
	('LZN0320D','2020/07/08','32','32','B787850708TSA','B787660710MAFEKING'),
	('BKI0620A','2020/07/08','10','0','AK15110708台北市','AK15100713亞庇'),
	('SPK0520A','2020/07/08','33','0','OD08890708千歲','OD08880712台北市'),
	('IST1120A','2020/07/08','37','0','CX5650708台北市','QR8150709香港'),
	('TWN0220D','2020/07/09','6','0',NULL,NULL),
	('TWN0220A','2020/07/09','20','0',NULL,NULL),
	('TWN0320K','2020/07/09','20','0',NULL,NULL),
	('TWN0220B','2020/07/09','20','0',NULL,NULL),
	('KNH0320A','2020/07/09','20','20','AE7650709台中清泉岡機場','AE7700711金門縣'),
	('MZG0420E','2020/07/09','20','11','AE3790709TSA','AE3640712馬公市'),
	('MZG0420F','2020/07/09','20','0','AE3790709TSA','AE3640712馬公市'),
	('MFK0420F','2020/07/09','20','0','B787890709TSA','B787520712LZN'),
	('MFK0320D','2020/07/09','20','20','B787850709TSA','B787660711LZN'),
	('HAN0520A','2020/07/09','18','0','CI7910709台北市','CI7920713河內'),
	('BKI0620A','2020/07/09','10','0','AK15110709台北市','AK15100714亞庇'),
	('HAN0520B','2020/07/09','18','0','CI7910709台北市','CI7920713河內'),
	('DAD0520A','2020/07/09','18','0','JX7010709台北市','JX7020713峴港'),
	('TWN0220A','2020/07/10','6','0',NULL,NULL),
	('TWN0220C','2020/07/10','6','0',NULL,NULL),
	('MZG0420E','2020/07/10','20','6','AE3790710TSA','AE3640713馬公市'),
	('MZG0420F','2020/07/10','20','0','AE3790710TSA','AE3640713馬公市'),
	('MFK0420F','2020/07/10','20','20','B787890710TSA','B787520713LZN'),
	('MFK0320D','2020/07/10','16','16','B787850710TSA','B787660712LZN'),
	('LZN0320D','2020/07/10','16','16','B787850710TSA','B787660712MAFEKING'),
	('BKI0620A','2020/07/10','10','0','AK15110710台北市','AK15100715亞庇'),
	('KIX0IT05','2020/07/10','29','0',NULL,NULL),
	('KIX0IT05','2020/07/10','29','0',NULL,NULL),
	('OSA0520A','2020/07/10','35','0','D73820710台北市','D73830714大阪關西'),
	('TWN0220G','2020/07/11','6','0',NULL,NULL),
	('TWN0220A','2020/07/11','20','0',NULL,NULL),
	('TWN0220B','2020/07/11','20','0',NULL,NULL),
	('TWN0320K','2020/07/11','20','0',NULL,NULL),
	('MZG0420E','2020/07/11','20','2','AE3790711TSA','AE3640714馬公市'),
	('KNH0320F','2020/07/11','20','18','B788070711TSA','B788260713金門縣'),
	('TWN0320D','2020/07/11','20','0',NULL,NULL),
	('TWN0320G','2020/07/11','20','0',NULL,NULL),
	('TWN0320C','2020/07/11','20','0',NULL,NULL),
	('KNH0320E','2020/07/11','20','0','B788070711TSA','B788260713金門縣'),
	('TWN0320B','2020/07/11','20','0',NULL,NULL),
	('KNH0320D','2020/07/11','20','0','B788070711TSA','B788260713金門縣'),
	('TWN0320F','2020/07/11','20','0',NULL,NULL),
	('MZG0320C','2020/07/11','16','0','B791050711TSA','B786220713馬公市'),
	('TWN0320E','2020/07/11','20','0',NULL,NULL),
	('MZG0420F','2020/07/11','20','0','AE3790711TSA','AE3640714馬公市'),
	('MZG0320D','2020/07/11','16','0','B791050711TSA','B786220713馬公市'),
	('MFK0420F','2020/07/11','20','20','B787890711TSA','B787520714LZN'),
	('MFK0320D','2020/07/11','20','9','B787850711TSA','B787660713LZN'),
	('LZN0320D','2020/07/11','22','22','B787850711TSA','B787660713MAFEKING'),
	('SPK0520A','2020/07/11','33','0','OD08890711千歲','OD08880715台北市'),
	('KNH0320G','2020/07/12','20','18','B791950712TSA','B791920714金門縣'),
	('TWN0220D','2020/07/12','6','0',NULL,NULL),
	('TWN0320K','2020/07/12','20','0',NULL,NULL),
	('TWN0220B','2020/07/12','20','0',NULL,NULL),
	('TWN0220A','2020/07/12','6','0',NULL,NULL),
	('MZG0420E','2020/07/12','20','0','AE3790712TSA','AE3640715馬公市'),
	('TWN0320A','2020/07/12','6','0',NULL,NULL),
	('TWN0320B','2020/07/12','6','0',NULL,NULL),
	('MZG0320C','2020/07/12','20','0','B791050712TSA','B786220714馬公市'),
	('MZG0320D','2020/07/12','20','0','B791050712TSA','B786220714馬公市'),
	('MFK0420F','2020/07/12','20','20','B787890712TSA','B787520715LZN'),
	('MFK0320D','2020/07/12','32','32','B787850712TSA','B787660714LZN'),
	('TAE0520A','2020/07/12','18','0','TW6640712台北市','TW6630716TAEGU'),
	('DAD0520A','2020/07/12','18','0','JX7010712台北市','JX7020716峴港'),
	('TWNB700B','2020/07/05','30','0',NULL,NULL),
	('TWNB700A','2020/07/05','30','0',NULL,NULL),
	('TWNB700C','2020/07/05','30','0',NULL,NULL),
	('TWNB700B','2020/07/06','30','0',NULL,NULL),
	('TWNB700A','2020/07/06','30','0',NULL,NULL),
	('TWNB700C','2020/07/06','30','0',NULL,NULL),
	('TWNB700B','2020/07/07','30','0',NULL,NULL),
	('TWNB700A','2020/07/07','30','0',NULL,NULL),
	('TWNB700C','2020/07/07','30','0',NULL,NULL),
	('TWNBR00A','2020/07/08','40','0',NULL,NULL),
	('TWNB200B','2020/07/08','40','0',NULL,NULL),
	('TWNBR00C','2020/07/08','40','32',NULL,NULL),
	('CHHBR00A','2020/07/08','31','0',NULL,NULL),
	('TWNB700B','2020/07/08','30','0',NULL,NULL),
	('TWNB700A','2020/07/08','30','0',NULL,NULL),
	('TWNB700C','2020/07/08','30','0',NULL,NULL),
	('TWNB700B','2020/07/09','30','7',NULL,NULL),
	('TWNB700A','2020/07/09','30','0',NULL,NULL),
	('TWNB700C','2020/07/09','30','0',NULL,NULL),
	('TWNB700B','2020/07/10','30','0',NULL,NULL),
	('TWNB700A','2020/07/10','30','0',NULL,NULL),
	('TWNB700C','2020/07/10','30','0',NULL,NULL),
	('TWNB700B','2020/07/11','30','0',NULL,NULL),
	('TWNB700A','2020/07/11','30','0',NULL,NULL),
	('TWNB700C','2020/07/11','30','0',NULL,NULL),
	('TWNB700B','2020/07/12','30','0',NULL,NULL),
	('TWNB700A','2020/07/12','30','0',NULL,NULL),
	('TWNB700C','2020/07/12','30','0',NULL,NULL),
	('TWNB700B','2020/07/13','30','0',NULL,NULL),
	('TWNB700A','2020/07/13','30','0',NULL,NULL),
	('TWNB700C','2020/07/13','30','0',NULL,NULL),
	('TWNB700B','2020/07/14','30','0',NULL,NULL),
	('TWNB700A','2020/07/14','30','0',NULL,NULL),
	('TWNB700C','2020/07/14','30','0',NULL,NULL),
	('TWNBR00A','2020/07/15','21','0',NULL,NULL),
	('TWNBR00B','2020/07/15','25','17',NULL,NULL),
	('TWNBR00C','2020/07/15','21','0',NULL,NULL),
	('MALBR00A','2020/07/15','31','0',NULL,NULL),
	('INLBR00A','2020/07/15','31','0',NULL,NULL),
	('TNNBR00C','2020/07/15','31','0',NULL,NULL),
	('TNNBR00B','2020/07/15','31','0',NULL,NULL),
	('CHIBR00A','2020/07/15','31','0',NULL,NULL),
	('INLBR00B','2020/07/15','31','0',NULL,NULL),
	('YUNBR00A','2020/07/15','31','0',NULL,NULL),
	('INLBR00C','2020/07/15','31','0',NULL,NULL),
	('HSHBR00A','2020/07/15','31','0',NULL,NULL),
	('TNNBR00A','2020/07/15','31','0',NULL,NULL),
	('TXGBR00A','2020/07/15','31','0',NULL,NULL),
	('PTHBR00A','2020/07/15','31','0',NULL,NULL),
	('CHIBR00B','2020/07/15','31','0',NULL,NULL),
	('HWABR00A','2020/07/15','31','0',NULL,NULL),
	('KHHBR00A','2020/07/15','31','0',NULL,NULL),
	('INLBR00D','2020/07/15','31','0',NULL,NULL),
	('TPEBR00A','2020/07/15','31','0',NULL,NULL),
	('TWNB700B','2020/07/15','30','0',NULL,NULL),
	('TWNB700A','2020/07/15','30','0',NULL,NULL),
	('TWNB700C','2020/07/15','30','0',NULL,NULL),
	('TWNCI00B','2020/07/16','25','0',NULL,NULL),
	('TWNCI00A','2020/07/16','25','0',NULL,NULL),
	('TWNCI00C','2020/07/16','25','0',NULL,NULL);

/*!40000 ALTER TABLE `date_seat` ENABLE KEYS */;
UNLOCK TABLES;


# Dump of table flight
# ------------------------------------------------------------

DROP TABLE IF EXISTS `flight`;

CREATE TABLE `flight` (
  `Id` varchar(20) NOT NULL,
  `airline` varchar(20) DEFAULT NULL,
  `departCity` varchar(20) DEFAULT NULL,
  `departPort` varchar(20) DEFAULT NULL,
  `departDate` varchar(20) DEFAULT NULL,
  `departTime` varchar(20) DEFAULT NULL,
  `arriveCity` varchar(20) DEFAULT NULL,
  `arrivePort` varchar(20) DEFAULT NULL,
  `arriveDate` varchar(20) DEFAULT NULL,
  `arriveTime` varchar(20) DEFAULT NULL,
  PRIMARY KEY (`Id`)
) ENGINE=InnoDB DEFAULT CHARSET=utf8;

LOCK TABLES `flight` WRITE;
/*!40000 ALTER TABLE `flight` DISABLE KEYS */;

INSERT INTO `flight` (`Id`, `airline`, `departCity`, `departPort`, `departDate`, `departTime`, `arriveCity`, `arrivePort`, `arriveDate`, `arriveTime`)
VALUES
	('AE3640708馬公市','華信航空','馬公市','澎湖馬公機場','2020/07/08','09:25','TSA','台北松山機場','2020/07/08','10:20'),
	('AE3640709馬公市','華信航空','馬公市','澎湖馬公機場','2020/07/09','09:25','TSA','台北松山機場','2020/07/09','10:20'),
	('AE3640710馬公市','華信航空','馬公市','澎湖馬公機場','2020/07/10','09:25','TSA','台北松山機場','2020/07/10','10:20'),
	('AE3640711馬公市','華信航空','馬公市','澎湖馬公機場','2020/07/11','09:25','TSA','台北松山機場','2020/07/11','10:20'),
	('AE3640712馬公市','華信航空','馬公市','澎湖馬公機場','2020/07/12','09:25','TSA','台北松山機場','2020/07/12','10:20'),
	('AE3640713馬公市','華信航空','馬公市','澎湖馬公機場','2020/07/13','09:25','TSA','台北松山機場','2020/07/13','10:20'),
	('AE3640714馬公市','華信航空','馬公市','澎湖馬公機場','2020/07/14','09:25','TSA','台北松山機場','2020/07/14','10:20'),
	('AE3640715馬公市','華信航空','馬公市','澎湖馬公機場','2020/07/15','09:25','TSA','台北松山機場','2020/07/15','10:20'),
	('AE3790705TSA','華信航空','TSA','台北松山機場','2020/07/05','14:30','馬公市','澎湖馬公機場','2020/07/05','15:30'),
	('AE3790706TSA','華信航空','TSA','台北松山機場','2020/07/06','14:30','馬公市','澎湖馬公機場','2020/07/06','15:30'),
	('AE3790707TSA','華信航空','TSA','台北松山機場','2020/07/07','14:30','馬公市','澎湖馬公機場','2020/07/07','15:30'),
	('AE3790708TSA','華信航空','TSA','台北松山機場','2020/07/08','14:30','馬公市','澎湖馬公機場','2020/07/08','15:30'),
	('AE3790709TSA','華信航空','TSA','台北松山機場','2020/07/09','14:30','馬公市','澎湖馬公機場','2020/07/09','15:30'),
	('AE3790710TSA','華信航空','TSA','台北松山機場','2020/07/10','14:30','馬公市','澎湖馬公機場','2020/07/10','15:30'),
	('AE3790711TSA','華信航空','TSA','台北松山機場','2020/07/11','14:30','馬公市','澎湖馬公機場','2020/07/11','15:30'),
	('AE3790712TSA','華信航空','TSA','台北松山機場','2020/07/12','14:30','馬公市','澎湖馬公機場','2020/07/12','15:30'),
	('AE7650709台中清泉岡機場','華信航空','台中清泉岡機場','台中清泉岡機場','2020/07/09','10:05','金門縣','金門機場','2020/07/09','11:10'),
	('AE7700711金門縣','華信航空','金門縣','金門機場','2020/07/11','18:00','台中清泉岡機場','台中清泉岡機場','2020/07/11','19:00'),
	('AK15100713亞庇','亞航','亞庇','亞庇 (沙巴)機場','2020/07/13','06:10','台北市','桃園國際機場','2020/07/13','09:25'),
	('AK15100714亞庇','亞航','亞庇','亞庇 (沙巴)機場','2020/07/14','06:10','台北市','桃園國際機場','2020/07/14','09:25'),
	('AK15100715亞庇','亞航','亞庇','亞庇 (沙巴)機場','2020/07/15','06:10','台北市','桃園國際機場','2020/07/15','09:25'),
	('AK15110708台北市','亞航','台北市','桃園國際機場','2020/07/08','09:55','亞庇','亞庇 (沙巴)機場','2020/07/08','13:25'),
	('AK15110709台北市','亞航','台北市','桃園國際機場','2020/07/09','09:55','亞庇','亞庇 (沙巴)機場','2020/07/09','13:25'),
	('AK15110710台北市','亞航','台北市','桃園國際機場','2020/07/10','09:55','亞庇','亞庇 (沙巴)機場','2020/07/10','13:25'),
	('B786220710馬公市','立榮航空','馬公市','澎湖馬公機場','2020/07/10','14:30','TSA','台北松山機場','2020/07/10','15:20'),
	('B786220713馬公市','立榮航空','馬公市','澎湖馬公機場','2020/07/13','14:30','TSA','台北松山機場','2020/07/13','15:20'),
	('B786220714馬公市','立榮航空','馬公市','澎湖馬公機場','2020/07/14','14:30','TSA','台北松山機場','2020/07/14','15:20'),
	('B787520709LZN','立榮航空','LZN','馬祖南竿機場','2020/07/09','07:55','TSA','台北松山機場','2020/07/09','08:45'),
	('B787520710LZN','立榮航空','LZN','馬祖南竿機場','2020/07/10','07:55','TSA','台北松山機場','2020/07/10','08:45'),
	('B787520711LZN','立榮航空','LZN','馬祖南竿機場','2020/07/11','07:55','TSA','台北松山機場','2020/07/11','08:45'),
	('B787520712LZN','立榮航空','LZN','馬祖南竿機場','2020/07/12','07:55','TSA','台北松山機場','2020/07/12','08:45'),
	('B787520713LZN','立榮航空','LZN','馬祖南竿機場','2020/07/13','07:55','TSA','台北松山機場','2020/07/13','08:45'),
	('B787520714LZN','立榮航空','LZN','馬祖南竿機場','2020/07/14','07:55','TSA','台北松山機場','2020/07/14','08:45'),
	('B787520715LZN','立榮航空','LZN','馬祖南竿機場','2020/07/15','07:55','TSA','台北松山機場','2020/07/15','08:45'),
	('B787660707LZN','立榮航空','LZN','馬祖南竿機場','2020/07/07','17:20','TSA','台北松山機場','2020/07/07','18:10'),
	('B787660708LZN','立榮航空','LZN','馬祖南竿機場','2020/07/08','17:20','TSA','台北松山機場','2020/07/08','18:10'),
	('B787660709LZN','立榮航空','LZN','馬祖南竿機場','2020/07/09','17:20','TSA','台北松山機場','2020/07/09','18:10'),
	('B787660710MAFEKING','立榮航空','MAFEKING','馬祖北竿機場','2020/07/10','17:20','TSA','台北松山機場','2020/07/10','18:10'),
	('B787660711LZN','立榮航空','LZN','馬祖南竿機場','2020/07/11','17:20','TSA','台北松山機場','2020/07/11','18:10'),
	('B787660712LZN','立榮航空','LZN','馬祖南竿機場','2020/07/12','17:20','TSA','台北松山機場','2020/07/12','18:10'),
	('B787660712MAFEKING','立榮航空','MAFEKING','馬祖北竿機場','2020/07/12','17:20','TSA','台北松山機場','2020/07/12','18:10'),
	('B787660713LZN','立榮航空','LZN','馬祖南竿機場','2020/07/13','17:20','TSA','台北松山機場','2020/07/13','18:10'),
	('B787660713MAFEKING','立榮航空','MAFEKING','馬祖北竿機場','2020/07/13','17:20','TSA','台北松山機場','2020/07/13','18:10'),
	('B787660714LZN','立榮航空','LZN','馬祖南竿機場','2020/07/14','17:20','TSA','台北松山機場','2020/07/14','18:10'),
	('B787850705TSA','立榮航空','TSA','台北松山機場','2020/07/05','12:25','MAFEKING','馬祖北竿機場','2020/07/05','13:20'),
	('B787850706TSA','立榮航空','TSA','台北松山機場','2020/07/06','12:25','MAFEKING','馬祖北竿機場','2020/07/06','13:20'),
	('B787850707TSA','立榮航空','TSA','台北松山機場','2020/07/07','12:25','MAFEKING','馬祖北竿機場','2020/07/07','13:20'),
	('B787850708TSA','立榮航空','TSA','台北松山機場','2020/07/08','12:25','LZN','馬祖南竿機場','2020/07/08','13:20'),
	('B787850709TSA','立榮航空','TSA','台北松山機場','2020/07/09','12:25','MAFEKING','馬祖北竿機場','2020/07/09','13:20'),
	('B787850710TSA','立榮航空','TSA','台北松山機場','2020/07/10','12:25','MAFEKING','馬祖北竿機場','2020/07/10','13:20'),
	('B787850711TSA','立榮航空','TSA','台北松山機場','2020/07/11','12:25','MAFEKING','馬祖北竿機場','2020/07/11','13:20'),
	('B787850712TSA','立榮航空','TSA','台北松山機場','2020/07/12','12:25','MAFEKING','馬祖北竿機場','2020/07/12','13:20'),
	('B787890706TSA','立榮航空','TSA','台北松山機場','2020/07/06','15:10','MAFEKING','馬祖北竿機場','2020/07/06','16:05'),
	('B787890707TSA','立榮航空','TSA','台北松山機場','2020/07/07','15:10','MAFEKING','馬祖北竿機場','2020/07/07','16:05'),
	('B787890708TSA','立榮航空','TSA','台北松山機場','2020/07/08','15:10','MAFEKING','馬祖北竿機場','2020/07/08','16:05'),
	('B787890709TSA','立榮航空','TSA','台北松山機場','2020/07/09','15:10','MAFEKING','馬祖北竿機場','2020/07/09','16:05'),
	('B787890710TSA','立榮航空','TSA','台北松山機場','2020/07/10','15:10','MAFEKING','馬祖北竿機場','2020/07/10','16:05'),
	('B787890711TSA','立榮航空','TSA','台北松山機場','2020/07/11','15:10','MAFEKING','馬祖北竿機場','2020/07/11','16:05'),
	('B787890712TSA','立榮航空','TSA','台北松山機場','2020/07/12','15:10','MAFEKING','馬祖北竿機場','2020/07/12','16:05'),
	('B788070708TSA','立榮航空','TSA','台北松山機場','2020/07/08','08:00','金門縣','金門機場','2020/07/08','09:20'),
	('B788070711TSA','立榮航空','TSA','台北松山機場','2020/07/11','08:00','金門縣','金門機場','2020/07/11','09:20'),
	('B788260710金門縣','立榮航空','金門縣','金門機場','2020/07/10','17:40','TSA','台北松山機場','2020/07/10','18:50'),
	('B788260713金門縣','立榮航空','金門縣','金門機場','2020/07/13','17:40','TSA','台北松山機場','2020/07/13','18:50'),
	('B791050708TSA','立榮航空','TSA','台北松山機場','2020/07/08','08:10','馬公市','澎湖馬公機場','2020/07/08','09:00'),
	('B791050711TSA','立榮航空','TSA','台北松山機場','2020/07/11','08:10','馬公市','澎湖馬公機場','2020/07/11','09:00'),
	('B791050712TSA','立榮航空','TSA','台北松山機場','2020/07/12','08:10','馬公市','澎湖馬公機場','2020/07/12','09:00'),
	('B791920709金門縣','立榮航空','金門縣','金門機場','2020/07/09','14:35','TSA','台北松山機場','2020/07/09','15:35'),
	('B791920714金門縣','立榮航空','金門縣','金門機場','2020/07/14','14:35','TSA','台北松山機場','2020/07/14','15:35'),
	('B791950707TSA','立榮航空','TSA','台北松山機場','2020/07/07','08:45','金門縣','金門機場','2020/07/07','09:45'),
	('B791950712TSA','立榮航空','TSA','台北松山機場','2020/07/12','08:45','金門縣','金門機場','2020/07/12','09:45'),
	('BR3970706台北市','長榮航空','台北市','桃園國際機場','2020/07/06','09:00','河內','河內機場','2020/07/06','11:05'),
	('BR3980710河內','長榮航空','河內','河內機場','2020/07/10','12:05','台北市','桃園國際機場','2020/07/10','15:55'),
	('CI7910709台北市','中華航空','台北市','桃園國際機場','2020/07/09','08:25','河內','河內機場','2020/07/09','10:35'),
	('CI7920713河內','中華航空','河內','河內機場','2020/07/13','11:35','台北市','桃園國際機場','2020/07/13','15:20'),
	('CX5650708台北市','國泰航空','台北市','桃園國際機場','2020/07/08','19:30','香港','香港機場','2020/07/08','21:30'),
	('D73820710台北市','亞航 X','台北市','桃園國際機場','2020/07/10','16:55','大阪關西','大阪關西機場','2020/07/10','20:25'),
	('D73830714大阪關西','亞航 X','大阪關西','大阪關西機場','2020/07/14','21:45','台北市','桃園國際機場','2020/07/14','23:45'),
	('JX7010705台北市','星宇航空','台北市','桃園國際機場','2020/07/05','07:40','峴港','峴港機場','2020/07/05','09:35'),
	('JX7010707台北市','星宇航空','台北市','桃園國際機場','2020/07/07','07:40','峴港','峴港機場','2020/07/07','09:35'),
	('JX7010709台北市','星宇航空','台北市','桃園國際機場','2020/07/09','07:40','峴港','峴港機場','2020/07/09','09:35'),
	('JX7010712台北市','星宇航空','台北市','桃園國際機場','2020/07/12','07:40','峴港','峴港機場','2020/07/12','09:35'),
	('JX7020709峴港','星宇航空','峴港','峴港機場','2020/07/09','10:35','台北市','桃園國際機場','2020/07/09','14:20'),
	('JX7020711峴港','星宇航空','峴港','峴港機場','2020/07/11','10:35','台北市','桃園國際機場','2020/07/11','14:20'),
	('JX7020713峴港','星宇航空','峴港','峴港機場','2020/07/13','10:35','台北市','桃園國際機場','2020/07/13','14:20'),
	('JX7020716峴港','星宇航空','峴港','峴港機場','2020/07/16','10:35','台北市','桃園國際機場','2020/07/16','14:20'),
	('OD08880712台北市','馬印','台北市','桃園國際機場','2020/07/12','19:20','千歲','新千歲機場','2020/07/12','23:00'),
	('OD08880715台北市','馬印','台北市','桃園國際機場','2020/07/15','19:20','千歲','新千歲機場','2020/07/15','23:00'),
	('OD08890708千歲','馬印','千歲','新千歲機場','2020/07/08','13:40','台北市','桃園國際機場','2020/07/08','18:20'),
	('OD08890711千歲','馬印','千歲','新千歲機場','2020/07/11','13:40','台北市','桃園國際機場','2020/07/11','18:20'),
	('OZ5770707ICN','韓亞航空','ICN','漢城(仁川機場)機場','2020/07/07','18:10','阿拉木圖','阿拉木圖機場','2020/07/07','21:55'),
	('OZ7120707台北市','韓亞航空','台北市','桃園國際機場','2020/07/07','12:55','ICN','漢城(仁川機場)機場','2020/07/07','16:30'),
	('QR8150709香港','卡達航空','香港','香港機場','2020/07/09','00:50','杜哈','杜哈機場','2020/07/09','05:35'),
	('TW6630716TAEGU','德威','TAEGU','大邱機場','2020/07/16','22:40','台北市','桃園國際機場','2020/07/17','00:05'),
	('TW6640712台北市','德威','台北市','桃園國際機場','2020/07/12','02:05','TAEGU','大邱機場','2020/07/12','05:25');

/*!40000 ALTER TABLE `flight` ENABLE KEYS */;
UNLOCK TABLES;


# Dump of table product
# ------------------------------------------------------------

DROP TABLE IF EXISTS `product`;

CREATE TABLE `product` (
  `Id` varchar(20) NOT NULL,
  `p_name` varchar(100) DEFAULT NULL,
  `p_days` varchar(20) DEFAULT NULL,
  `p_price` varchar(20) DEFAULT NULL,
  `p_source` varchar(20) DEFAULT NULL,
  PRIMARY KEY (`Id`)
) ENGINE=InnoDB DEFAULT CHARSET=utf8;

LOCK TABLES `product` WRITE;
/*!40000 ALTER TABLE `product` DISABLE KEYS */;

INSERT INTO `product` (`Id`, `p_name`, `p_days`, `p_price`, `p_source`)
VALUES
	('ALA0920A','【哈吉假期】哈薩克‧吉爾吉斯~中亞雙國跨越之旅九天','9','95800','newamazing'),
	('BKI0620A','《兩人成行》嗨翻沙巴~渡假村升級版6日(紅樹林生態+長鼻猴探訪+SPA+夢幻美人魚島+升級兩晚海邊酒店)-亞航','6','22900','newamazing'),
	('CHHBR00A','溪湖糖廠萬景藝苑芳苑海牛餅乾學院2日之旅','2','4188','4p'),
	('CHIBR00A','金氐紀錄移動國土太平雲梯方城市2日之旅','2','3999','4p'),
	('CHIBR00B','太平雲梯阿里山森林步道綠盈牧場將軍府3日之旅','3','5799','4p'),
	('DAD0520A','【只峴給你】豪華五星~峴港會安古鎮、迦南島竹簍船、巴拿山+FANTASY樂園、紅白酒暢飲 5日(星宇)(早午)','5','30500','newamazing'),
	('HAN0520A','嗨翻北越長安雙龍灣摩天輪下午茶五日遊(長榮)','5','20900','newamazing'),
	('HAN0520B','尊爵風情北越長安雙龍灣摩天輪五日遊(無購物)(長榮)','5','24500','newamazing'),
	('HSHBR00A','17里海岸老鍋米粉六福村2日之旅','2','4688','4p'),
	('HWABR00A','太魯閣綠水步道悅來飯店海洋or獵人2日之旅','2','5800','4p'),
	('INLBR00A','三星採蔥冬山河生態新竂瀑布虎牌文化館2日之旅','2','3699','4p'),
	('INLBR00B','九寮溪傳藝中心仁山植物園牛舌餅DIY2日之旅','2','4199','4p'),
	('INLBR00C','安農溪泛舟梅花湖腳踏車邱比準香草菲菲2日之旅','2','4299','4p'),
	('INLBR00D','福山植物園野夫炊煙阿卡鐵牛車掌上明珠2日之旅','2','6099','4p'),
	('IST1120A','【土耳其】探索番紅花城神秘驚奇熱氣球之旅11日-QR卡達航空','11','51900','newamazing'),
	('KHHBR00A','草衙道機場咖啡月世界裕賀牛澄清湖3日之旅','3','5800','4p'),
	('KIX0IT05','特惠促銷『驚喜關西』京阪神奈+環球影城暢遊四都五日','5','23900','newamazing'),
	('KNH0320A','金門3天(漫遊大小金門)-台中出發','3','6999','newamazing'),
	('KNH0320D','【2020大膽玩金門】我思故我在‧金門三日遊(台北出發)','3','8800','newamazing'),
	('KNH0320E','【FUN暑假-親子同樂會】金門柳營體驗、風獅爺彩繪DIY、活化石鱟生態導覽、柴燒窯烤DIY、夏艷海灘瘋玩三日(台北出發)','3','8200','newamazing'),
	('KNH0320F','【超值版】秘境湖畔下午茶、大小金門樂遊GO三日遊(台北出發)','3','7700','newamazing'),
	('KNH0320G','【2020安心遊補助限定】秘境湖畔下午茶、幸福金門三日遊(台北出發)','3','4588','newamazing'),
	('LZN0320D','【絕美奇景@幸福藍眼淚】馬祖南北竿+東莒3日(4人成行)(台北出發)','3','12300','newamazing'),
	('MALBR00A','護魚步道南庄老街柿餅農場苗栗兆品2日遊','2','2988','4p'),
	('MFK0320D','【馬祖藍眼淚的季節】南北竿3日(4人成行)(台北出發)','3','12400','newamazing'),
	('MFK0420F','2020夏季馬祖全覽南北竿藍眼淚4日(台北出發)','4','11800','newamazing'),
	('MZG0320C','【2020花火澎湖】七望不玩水3日遊(台北出發)','3','10600','newamazing'),
	('MZG0320D','【2020花火澎湖】東海玩水3日遊(台北出發)','3','11300','newamazing'),
	('MZG0420E','【夏季盛宴】澎湖漫威花火菊島四日(台北出發)','4','6990','newamazing'),
	('MZG0420F','【夏季盛宴】澎湖漫威花火海洋牧場夜釣小管四日(台北出發)','4','9900','newamazing'),
	('OSA0520A','關西四都+世界文化遺產環球影城五日-亞航','5','27900','newamazing'),
	('PTHBR00A','龍坑生態保護區排灣秘境墾丁小奈良3日之旅','3','5200','4p'),
	('SPK0520A','北海道富良野哈密瓜吃到飽溫泉美食五日(馬印)','5','35900','newamazing'),
	('TAE0520A','哈囉釜山我來囉~加耶主題公園+HERO塗鴉秀、豪華遊艇PARTY、霸王龍蝦之家五天【升等一晚五花酒店】德威','5','13900','newamazing'),
	('TNNBR00A','府城の日式體驗~著和服遊府城 漁光島散策 台南美術館2日之旅','2','4999','4p'),
	('TNNBR00B','漫遊台江情定碼頭台南山上花園2日之旅','2','3899','4p'),
	('TNNBR00C','烏山頭風景區十鼓文創園區2日之旅','2','3799','4p'),
	('TPEBR00A','藍色公路大稻程千島湖舊草嶺單車3日遊','3','7999','4p'),
	('TWN0220A','雪霸農場觀霧瀑布二日遊','2','6480','newamazing'),
	('TWN0220B','東北角深度之旅2日~基隆嶼/象鼻岩2選一','2','6400','newamazing'),
	('TWN0220C','梨山+武陵農場+福壽山農場二日遊(台北出發)','2','5780','newamazing'),
	('TWN0220D','梨山+武陵農場+福壽山農場二日遊','2','5780','newamazing'),
	('TWN0220G','台版合掌村.寒溪呢.雲嶺之丘.萬年峽谷二日遊','2','4980','newamazing'),
	('TWN0320A','梨山+武陵農場+福壽山農場 主題三日遊','3','9300','newamazing'),
	('TWN0320B','梨山+武陵農場+福壽山農場 主題三日遊(台北出發)','3','9300','newamazing'),
	('TWN0320C','花蓮~東縱谷+海岸 賞鯨豚 泛舟 山海太魯閣3日		','3','8400','newamazing'),
	('TWN0320D','墾丁定點生態渡假三日','3','8700','newamazing'),
	('TWN0320E','歡樂探險台東蘭嶼達悟之美3日','3','10600','newamazing'),
	('TWN0320F','台東縱谷.綠島海洋尋寶記豐富3日遊','3','9700','newamazing'),
	('TWN0320G','原味宜蘭棲蘭山+太平山3日','3','8500','newamazing'),
	('TWN0320K','安心遊南台灣~輕鬆漫遊小琉球三天兩夜','3','6088','newamazing'),
	('TWNB200B','跑馬古道-五峰旗瀑布1日遊','1','777','4p'),
	('TWNB700A','【馬祖藍眼淚的季節】南北竿3日遊(4人出發)','3','12400','4p'),
	('TWNB700B','【保證看得到藍眼淚】馬祖南北竿+大坵賞鹿3日遊(4人出發)','3','12400','4p'),
	('TWNB700C','【絕美奇景@幸福藍眼淚】馬祖南北竿+東莒3日','3','12400','4p'),
	('TWNBR00A','抹茶山健走-礁溪足湯一日遊','1','666','4p'),
	('TWNBR00B','跑馬古道-五峰旗瀑布1日遊','1','777','4p'),
	('TWNBR00C','蘇花改小錐麓古道-砂卡礑清水斷崖1日遊','1','888','4p'),
	('TWNCI00A','與海龜有約~小琉球3日之旅','3','6180','4p'),
	('TWNCI00B','夏日瘋綠島~環島浮潛溫泉3日之旅','3','5480','4p'),
	('TWNCI00C','聽見蘭嶼海3日之旅','3','6480','4p'),
	('TXGBR00A','匠師的故鄉麗寶樂園2日遊','2','5200','4p'),
	('YUNBR00A','粉紅城堡草嶺萬年峽谷黑金釀造2日之旅','2','4288','4p');

/*!40000 ALTER TABLE `product` ENABLE KEYS */;
UNLOCK TABLES;



/*!40111 SET SQL_NOTES=@OLD_SQL_NOTES */;
/*!40101 SET SQL_MODE=@OLD_SQL_MODE */;
/*!40014 SET FOREIGN_KEY_CHECKS=@OLD_FOREIGN_KEY_CHECKS */;
/*!40101 SET CHARACTER_SET_CLIENT=@OLD_CHARACTER_SET_CLIENT */;
/*!40101 SET CHARACTER_SET_RESULTS=@OLD_CHARACTER_SET_RESULTS */;
/*!40101 SET COLLATION_CONNECTION=@OLD_COLLATION_CONNECTION */;
